id	term	preferred_japanese	mora_split	accent_note	common_error	example_japanese	example_reading	review_status
P001	EDT	イーディーティー	イ・ー｜ディ・ー｜ティ・ー	字母逐一；三組等長	黏成一個英文單字	EDTの開発チームです。	イーディーティーの かいはつチームです。	公司慣用念法待確認
P002	HMI	エイチエムアイ	エ・イ・チ｜エ・ム｜ア・イ	三組清楚；不要搶快	H音或I音消失	HMIの開発環境です。	エイチエムアイの かいはつかんきょうです。	一般用法
P003	EDT HMI Studio	イーディーティー・エイチエムアイ・スタジオ	イ・ー｜ディ・ー｜ティ・ー／エ・イ・チ｜エ・ム｜ア・イ／ス・タ・ジ・オ	產品名後停半拍	整串黏住	こちらがEDT HMI Studioです。	こちらが イーディーティー・エイチエムアイ・スタジオです。	公司慣用念法待確認
P004	studio	スタジオ	ス・タ・ジ・オ	四拍平均	把ジオ壓成一拍	一つのスタジオで作業できます。	ひとつの スタジオで さぎょうできます。	一般用法
P005	no-code	ノーコード	ノ・ー｜コ・ー・ド	兩個長音都要保留	念成ノコード	ノーコードで画面を設計します。	ノーコードで がめんを せっけいします。	一般用法
P006	embedded	組み込み	く・み・こ・み	每拍平均	照英文硬念造成不自然	組み込み機器向けのツールです。	くみこみききむけの ツールです。	一般用法
P007	touchscreen	タッチパネル	タ・ッ・チ｜パ・ネ・ル	促音ッ占一拍	省略促音變成タチ	タッチパネルの画面を作成します。	タッチパネルの がめんを さくせいします。	一般用法
P008	interface	インターフェース	イ・ン｜タ・ー｜フェ・ー・ス	ン、兩個長音要清楚	フェース的長音消失	操作インターフェースを設計します。	そうさインターフェースを せっけいします。	一般用法
P009	GUI	ジーユーアイ	ジ・ー｜ユ・ー｜ア・イ	字母逐一	念法前後不一致	GUIを視覚的に設計します。	ジーユーアイを しかくてきに せっけいします。	團隊慣用念法待確認
P010	UI	ユーアイ	ユ・ー｜ア・イ	兩組清楚	念成英語快速連音	UIの構成を確認します。	ユーアイの こうせいを かくにんします。	一般用法
P011	screen	画面	が・め・ん	ン占一拍	省略尾端ン	画面を設計します。	がめんを せっけいします。	一般用法
P012	logic	ロジック	ロ・ジ・ッ・ク	促音ッ占一拍	念成三拍ロジク	ロジックを設定します。	ロジックを せっていします。	一般用法
P013	protocol	通信プロトコル	つ・う・し・ん／プ・ロ・ト・コ・ル	通信的長音與ン要保留	つうしん念太短	通信プロトコルを選択します。	つうしんプロトコルを せんたくします。	一般用法
P014	Modbus	Modbus（モドバス）	モ・ド・バ・ス	四拍平均	英日念法混用	Modbus RTUを使用します。	モドバス アールティーユーを しようします。	產品團隊確認要
P015	RTU	アールティーユー	ア・ー・ル｜ティ・ー｜ユ・ー	字母逐一；長音完整	把ティー縮短	RTUの設定を確認します。	アールティーユーの せっていを かくにんします。	一般用法
P016	serial communication	シリアル通信	シ・リ・ア・ル／つ・う・し・ん	兩詞間不停太久	シリアル念成三拍	シリアル通信に対応しています。	シリアルつうしんに たいおうしています。	產品範圍另依事實表
P017	emulator	エミュレーター	エ・ミュ・レ・ー・タ・ー	拗音ミュ一拍；兩個長音	念成エミユ；漏長音	エミュレーターで動作を確認します。	エミュレーターで どうさを かくにんします。	一般用法
P018	firmware	ファームウェア	ファ・ー・ム｜ウェ・ア	ファ與ウェ各一拍	拆成フア、ウエ	ファームウェアとの連携を確認します。	ファームウェアとの れんけいを かくにんします。	一般用法
P019	deploy	デプロイする	デ・プ・ロ・イ・す・る	ロイ分兩拍	念成ディスプレイ	対応ハードウェアへデプロイします。	たいおうハードウェアへ デプロイします。	產品用語待統一
P020	hardware	ハードウェア	ハ・ー・ド｜ウェ・ア	長音與ウェ要清楚	念成ハドウエア	対応ハードウェアを確認します。	たいおうハードウェアを かくにんします。	一般用法
P021	support	サポート	サ・ポ・ー・ト	ポー長兩拍	長音消失	サポート範囲は個別に確認します。	サポートはんいは こべつに かくにんします。	一般用法
P022	integration	連携	れ・ん・け・い	ン與ケイ各自清楚	依漢字套中文聲調	既存システムとの連携を確認します。	きそんシステムとの れんけいを かくにんします。	依情境也可用統合
P023	distributor	販売代理店	は・ん・ば・い／だ・い・り・て・ん	複合詞中間微停	把代理店念成中文音	販売代理店向けの説明です。	はんばいだいりてんむけの せつめいです。	一般用法
P024	subsidiary	海外子会社	か・い・が・い／こ・が・い・しゃ	拗音しゃ一拍	子会社讀錯為こしゃ	海外子会社と連携します。	かいがいこがいしゃと れんけいします。	一般用法
P025	executive	経営幹部	け・い・え・い／か・ん・ぶ	長音連續仍逐拍	直接用片假名顯得含糊	経営幹部向けに要点を説明します。	けいえいかんぶむけに ようてんを せつめいします。	一般用法
P026	manager	責任者	せ・き・に・ん・しゃ	ン與しゃ各一拍	把しゃ拆成しや	技術責任者に確認します。	ぎじゅつせきにんしゃに かくにんします。	依職稱調整
P027	pricing	価格体系	か・か・く／た・い・け・い	体系四拍	直接承諾未核准價格	価格体系は担当者に確認します。	かかくたいけいは たんとうしゃに かくにんします。	一般用法
P028	license	ライセンス	ラ・イ・セ・ン・ス	ン占一拍	念成英文但句子其餘是日文	ライセンス条件を確認します。	ライセンスじょうけんを かくにんします。	一般用法
P029	roadmap	ロードマップ	ロ・ー・ド｜マ・ッ・プ	兩個促長對比要清楚	漏掉ッ	ロードマップ項目は現行機能と分けて説明します。	ロードマップこうもくは げんこうきのうと わけて せつめいします。	一般用法
P030	compatible	対応しています	た・い・お・う・し・て・い・ま・す	たいおう四拍	用中文語序直譯	現在、この構成に対応しています。	げんざい このこうせいに たいおうしています。	範圍依事實表
P031	customization	カスタマイズ	カ・ス・タ・マ・イ・ズ	マイズ三拍	中間音脫落	カスタマイズの範囲を確認します。	カスタマイズの はんいを かくにんします。	一般用法
P032	evaluation	評価	ひょ・う・か	拗音ひょ一拍；う一拍	把ひょう讀成ひよう	まず評価条件を決めます。	まず ひょうかじょうけんを きめます。	一般用法
P033	quotation	見積書	み・つ・も・り・しょ	り與しょ分開	把しょ拆成しよ	正式な見積書を後ほど提出します。	せいしきな みつもりしょを のちほど ていしゅつします。	需核准後使用
P034	proof of concept	概念実証	が・い・ね・ん／じ・っ・しょ・う	促音與拗長音都保留	POC念法前後不一	概念実証の成功条件を決めます。	がいねんじっしょうの せいこうじょうけんを きめます。	也可說ピーオーシー
P035	POC	ピーオーシー	ピ・ー｜オ・ー｜シ・ー	字母逐一	長音省略	まず一件のPOCから始めます。	まず いっけんの ピーオーシーから はじめます。	團隊慣用念法待確認
P036	SLA	エスエルエー	エ・ス｜エ・ル｜エ・ー	字母逐一	當場做未核准承諾	SLAは担当部門に確認します。	エスエルエーは たんとうぶもんに かくにんします。	商務核准要
P037	API	エーピーアイ	エ・ー｜ピ・ー｜ア・イ	字母逐一	最後アイ太快	APIの仕様を確認します。	エーピーアイの しようを かくにんします。	一般用法
P038	SDK	エスディーケー	エ・ス｜ディ・ー｜ケ・ー	字母逐一	ディー縮短	SDKの提供範囲を確認します。	エスディーケーの ていきょうはんいを かくにんします。	產品範圍另依事實表
P039	version	バージョン	バ・ー・ジョ・ン	ジョ一拍；ン一拍	把ジョ拆成ジヨ	現在のバージョンで確認します。	げんざいの バージョンで かくにんします。	一般用法
P040	percent	パーセント	パ・ー・セ・ン・ト	長音與ン清楚	數字與單位黏住	改善率は二十パーセントです。	かいぜんりつは にじゅっパーセントです。	數字僅供發音練習
P041	millisecond	ミリ秒	ミ・リ・びょ・う	びょ一拍；う一拍	把びょう拆成びよう	応答時間は百ミリ秒です。	おうとうじかんは ひゃくミリびょうです。	數字僅供發音練習
P042	September 3	九月三日	く・が・つ／み・っ・か	三日使用みっか	念成さんにち	九月三日までに回答します。	くがつ みっかまでに かいとうします。	一般用法
